{
  "generated_at": "2026-03-30T15:52:31.617218Z",
  "tests": {
    "Group A_aider_enhancement": {
      "resolved": {
        "metric": "resolved",
        "n": 101,
        "baseline_count": 51,
        "baseline_rate": 0.504950495049505,
        "baseline_ci_95": [
          0.409064891932013,
          0.6004733194897707
        ],
        "enhanced_count": 5,
        "enhanced_rate": 0.04950495049504951,
        "enhanced_ci_95": [
          0.02132850988800644,
          0.11069425072968567
        ],
        "effect_size": -0.45544554455445546,
        "z_statistic": 7.23041250349147,
        "p_value": 4.816147480823929e-13,
        "significant_at_05": true,
        "significant_at_01": true
      },
      "f2p": {
        "metric": "f2p",
        "n": 101,
        "baseline_count": 56,
        "baseline_rate": 0.5544554455445545,
        "baseline_ci_95": [
          0.45729983104573313,
          0.6476204945938867
        ],
        "enhanced_count": 5,
        "enhanced_rate": 0.04950495049504951,
        "enhanced_ci_95": [
          0.02132850988800644,
          0.11069425072968567
        ],
        "effect_size": -0.504950495049505,
        "z_statistic": 7.815763096008819,
        "p_value": 5.551115123125783e-15,
        "significant_at_05": true,
        "significant_at_01": true
      },
      "p2p": {
        "metric": "p2p",
        "n": 101,
        "baseline_count": 70,
        "baseline_rate": 0.693069306930693,
        "baseline_ci_95": [
          0.5974265174495047,
          0.7745637280000558
        ],
        "enhanced_count": 68,
        "enhanced_rate": 0.6732673267326733,
        "enhanced_ci_95": [
          0.576916160695436,
          0.7569212390669902
        ],
        "effect_size": -0.01980198019801971,
        "z_statistic": 0.30246571251362686,
        "p_value": 0.7622970675584975,
        "significant_at_05": false,
        "significant_at_01": false
      }
    },
    "Group B_aider_enhancement": {
      "resolved": {
        "metric": "resolved",
        "n": 101,
        "baseline_count": 37,
        "baseline_rate": 0.36633663366336633,
        "baseline_ci_95": [
          0.27887869515192887,
          0.46358959645991393
        ],
        "enhanced_count": 2,
        "enhanced_rate": 0.019801980198019802,
        "enhanced_ci_95": [
          0.0054473224611470555,
          0.06934616962584345
        ],
        "effect_size": -0.3465346534653465,
        "z_statistic": 6.239037893262814,
        "p_value": 4.40270264689957e-10,
        "significant_at_05": true,
        "significant_at_01": true
      },
      "f2p": {
        "metric": "f2p",
        "n": 101,
        "baseline_count": 50,
        "baseline_rate": 0.49504950495049505,
        "baseline_ci_95": [
          0.3995266805102293,
          0.5909351080679871
        ],
        "enhanced_count": 3,
        "enhanced_rate": 0.0297029702970297,
        "enhanced_ci_95": [
          0.010152480650585542,
          0.08371743427997216
        ],
        "effect_size": -0.4653465346534653,
        "z_statistic": 7.5169640572989005,
        "p_value": 5.595524044110789e-14,
        "significant_at_05": true,
        "significant_at_01": true
      },
      "p2p": {
        "metric": "p2p",
        "n": 101,
        "baseline_count": 50,
        "baseline_rate": 0.49504950495049505,
        "baseline_ci_95": [
          0.3995266805102293,
          0.5909351080679871
        ],
        "enhanced_count": 46,
        "enhanced_rate": 0.45544554455445546,
        "enhanced_ci_95": [
          0.36173607809276237,
          0.5524200191111854
        ],
        "effect_size": -0.039603960396039584,
        "z_statistic": 0.563569040041308,
        "p_value": 0.5730474618715791,
        "significant_at_05": false,
        "significant_at_01": false
      }
    },
    "Group A_swe_agent_enhancement": {
      "resolved": {
        "metric": "resolved",
        "n": 101,
        "baseline_count": 51,
        "baseline_rate": 0.504950495049505,
        "baseline_ci_95": [
          0.409064891932013,
          0.6004733194897707
        ],
        "enhanced_count": 0,
        "enhanced_rate": 0.0,
        "enhanced_ci_95": [
          0.0,
          0.03664064639985608
        ],
        "effect_size": -0.504950495049505,
        "z_statistic": 8.259852635665718,
        "p_value": 2.220446049250313e-16,
        "significant_at_05": true,
        "significant_at_01": true
      },
      "f2p": {
        "metric": "f2p",
        "n": 101,
        "baseline_count": 56,
        "baseline_rate": 0.5544554455445545,
        "baseline_ci_95": [
          0.45729983104573313,
          0.6476204945938867
        ],
        "enhanced_count": 0,
        "enhanced_rate": 0.0,
        "enhanced_ci_95": [
          0.0,
          0.03664064639985608
        ],
        "effect_size": -0.5544554455445545,
        "z_statistic": 8.802241308598312,
        "p_value": 0.0,
        "significant_at_05": true,
        "significant_at_01": true
      },
      "p2p": {
        "metric": "p2p",
        "n": 101,
        "baseline_count": 70,
        "baseline_rate": 0.693069306930693,
        "baseline_ci_95": [
          0.5974265174495047,
          0.7745637280000558
        ],
        "enhanced_count": 0,
        "enhanced_rate": 0.0,
        "enhanced_ci_95": [
          0.0,
          0.03664064639985608
        ],
        "effect_size": -0.693069306930693,
        "z_statistic": 10.349937783446434,
        "p_value": 0.0,
        "significant_at_05": true,
        "significant_at_01": true
      }
    },
    "Group B_swe_agent_enhancement": {
      "resolved": {
        "metric": "resolved",
        "n": 101,
        "baseline_count": 37,
        "baseline_rate": 0.36633663366336633,
        "baseline_ci_95": [
          0.27887869515192887,
          0.46358959645991393
        ],
        "enhanced_count": 0,
        "enhanced_rate": 0.0,
        "enhanced_ci_95": [
          0.0,
          0.03664064639985608
        ],
        "effect_size": -0.36633663366336633,
        "z_statistic": 6.730302348109607,
        "p_value": 1.6931123170138562e-11,
        "significant_at_05": true,
        "significant_at_01": true
      },
      "f2p": {
        "metric": "f2p",
        "n": 101,
        "baseline_count": 50,
        "baseline_rate": 0.49504950495049505,
        "baseline_ci_95": [
          0.3995266805102293,
          0.5909351080679871
        ],
        "enhanced_count": 0,
        "enhanced_rate": 0.0,
        "enhanced_ci_95": [
          0.0,
          0.03664064639985608
        ],
        "effect_size": -0.49504950495049505,
        "z_statistic": 8.151525527228179,
        "p_value": 4.440892098500626e-16,
        "significant_at_05": true,
        "significant_at_01": true
      },
      "p2p": {
        "metric": "p2p",
        "n": 101,
        "baseline_count": 50,
        "baseline_rate": 0.49504950495049505,
        "baseline_ci_95": [
          0.3995266805102293,
          0.5909351080679871
        ],
        "enhanced_count": 0,
        "enhanced_rate": 0.0,
        "enhanced_ci_95": [
          0.0,
          0.03664064639985608
        ],
        "effect_size": -0.49504950495049505,
        "z_statistic": 8.151525527228179,
        "p_value": 4.440892098500626e-16,
        "significant_at_05": true,
        "significant_at_01": true
      }
    },
    "Group A_trae_enhancement": {
      "resolved": {
        "metric": "resolved",
        "n": 101,
        "baseline_count": 51,
        "baseline_rate": 0.504950495049505,
        "baseline_ci_95": [
          0.409064891932013,
          0.6004733194897707
        ],
        "enhanced_count": 0,
        "enhanced_rate": 0.0,
        "enhanced_ci_95": [
          0.0,
          0.03664064639985608
        ],
        "effect_size": -0.504950495049505,
        "z_statistic": 8.259852635665718,
        "p_value": 2.220446049250313e-16,
        "significant_at_05": true,