{
  "generated_at": "2026-03-30T20:31:00.424102Z",
  "group_a": {
    "trae": {
      "baseline": {
        "num_issues": 101,
        "resolved_count": 51,
        "resolved_rate": 0.504950495049505,
        "f2p_count": 56,
        "f2p_rate": 0.5544554455445545,
        "p2p_count": 70,
        "p2p_rate": 0.693069306930693
      },
      "enhanced": {
        "num_issues": 101,
        "resolved_count": 0,
        "resolved_rate": 0.0,
        "f2p_count": 0,
        "f2p_rate": 0.0,
        "p2p_count": 0,
        "p2p_rate": 0.0
      },
      "delta": {
        "resolved_delta": -0.504950495049505,
        "f2p_delta": -0.5544554455445545,
        "p2p_delta": -0.693069306930693
      }
    },
    "aider": {
      "baseline": {
        "num_issues": 101,
        "resolved_count": 51,
        "resolved_rate": 0.504950495049505,
        "f2p_count": 56,
        "f2p_rate": 0.5544554455445545,
        "p2p_count": 70,
        "p2p_rate": 0.693069306930693
      },
      "enhanced": {
        "num_issues": 101,
        "resolved_count": 5,
        "resolved_rate": 0.04950495049504951,
        "f2p_count": 5,
        "f2p_rate": 0.04950495049504951,
        "p2p_count": 68,
        "p2p_rate": 0.6732673267326733
      },
      "delta": {
        "resolved_delta": -0.45544554455445546,
        "f2p_delta": -0.504950495049505,
        "p2p_delta": -0.01980198019801971
      }
    },
    "swe_agent": {
      "baseline": {
        "num_issues": 101,
        "resolved_count": 51,
        "resolved_rate": 0.504950495049505,
        "f2p_count": 56,
        "f2p_rate": 0.5544554455445545,
        "p2p_count": 70,
        "p2p_rate": 0.693069306930693
      },
      "enhanced": {
        "num_issues": 101,
        "resolved_count": 0,
        "resolved_rate": 0.0,
        "f2p_count": 0,
        "f2p_rate": 0.0,
        "p2p_count": 0,
        "p2p_rate": 0.0
      },
      "delta": {
        "resolved_delta": -0.504950495049505,
        "f2p_delta": -0.5544554455445545,
        "p2p_delta": -0.693069306930693
      }
    }
  },
  "group_b": {
    "trae": {
      "baseline": {
        "num_issues": 101,
        "resolved_count": 36,
        "resolved_rate": 0.3564356435643564,
        "f2p_count": 49,
        "f2p_rate": 0.48514851485148514,
        "p2p_count": 49,
        "p2p_rate": 0.48514851485148514
      },
      "enhanced": {
        "num_issues": 101,
        "resolved_count": 0,
        "resolved_rate": 0.0,
        "f2p_count": 0,
        "f2p_rate": 0.0,
        "p2p_count": 0,
        "p2p_rate": 0.0
      },
      "delta": {
        "resolved_delta": -0.3564356435643564,
        "f2p_delta": -0.48514851485148514,
        "p2p_delta": -0.48514851485148514
      }
    },
    "aider": {
      "baseline": {
        "num_issues": 101,
        "resolved_count": 37,
        "resolved_rate": 0.36633663366336633,
        "f2p_count": 50,
        "f2p_rate": 0.49504950495049505,
        "p2p_count": 50,
        "p2p_rate": 0.49504950495049505
      },
      "enhanced": {
        "num_issues": 101,
        "resolved_count": 2,
        "resolved_rate": 0.019801980198019802,
        "f2p_count": 3,
        "f2p_rate": 0.0297029702970297,
        "p2p_count": 46,
        "p2p_rate": 0.45544554455445546
      },
      "delta": {
        "resolved_delta": -0.3465346534653465,
        "f2p_delta": -0.4653465346534653,
        "p2p_delta": -0.039603960396039584
      }
    },
    "swe_agent": {
      "baseline": {
        "num_issues": 101,
        "resolved_count": 37,
        "resolved_rate": 0.36633663366336633,
        "f2p_count": 50,
        "f2p_rate": 0.49504950495049505,
        "p2p_count": 50,
        "p2p_rate": 0.49504950495049505
      },
      "enhanced": {
        "num_issues": 101,
        "resolved_count": 0,
        "resolved_rate": 0.0,
        "f2p_count": 0,
        "f2p_rate": 0.0,
        "p2p_count": 0,
        "p2p_rate": 0.0
      },
      "delta": {
        "resolved_delta": -0.36633663366336633,
        "f2p_delta": -0.49504950495049505,
        "p2p_delta": -0.49504950495049505
      }
    }
  }
}